{
  "type": "minecraft:entity",
  "pools": [
    {
      "bonus_rolls": 0.0,
      "conditions": [
        {
          "condition": "minecraft:damage_source_properties",
          "predicate": {
            "source_entity": {
              "equipment": {
                "mainhand": {
                  "predicates": {
                    "minecraft:enchantments": [
                      {
                        "enchantments": "suprememc:bounty_blade"
                      }
                    ]
                  }
                }
              }
            }
          }
        }
      ],
      "entries": [
        {
          "type": "minecraft:item",
          "name": "minecraft:piglin_head"
        }
      ],
      "rolls": 1.0
    }
  ],
  "random_sequence": "minecraft:entities/piglin"
}